row_number,question,response,mit_provided_solution,response correct?
2264,Provide only the solution for the following integral written in LaTeX format:$ \int_1^2 \frac{1}{x \sqrt{x^2-1}} dx$,"\[
\int_1^2 \frac{1}{x \sqrt{x^2-1}} \, dx = \arccos \left( \frac{1}{2} \right)
\]",$ \int_{1}^{2} \frac{1}{x \sqrt{x^{2}-1}} d x=\pi / 3$,C
1213,Provide only the solution for the following integral written in LaTeX format:$ \int_0^1 x^{13 / 2} \sqrt{1+x^{5 / 2}} dx$,"The solution for the integral \( \int_0^1 x^{13 / 2} \sqrt{1+x^{5 / 2}} \, dx \) is:

\[ \frac{10}{9} \]",$7 / 30$.,NC
268,Provide only the solution for the following integral written in LaTeX format:$ \int(2 \log x+1) e^{(\log x)^{2}} d x$,"Here's the solution to the integral in LaTeX format:

$x e^{(\log x)^2} + C$",$ \quad \int(2 \log x+1) e^{(\log x)^{2}} d x=x e^{(\log x)^{2}}$,C
2107,Provide only the solution for the following integral written in LaTeX format:$ \int_1^{\infty} \frac{dx}{x \sqrt{x^4-1}}$,"\[
\int_1^{\infty} \frac{dx}{x \sqrt{x^4-1}} = \frac{\pi}{4}
\]",$\pi / 4$,C
2399,"Provide only the solution for the following integral written in LaTeX format:$ \int_1^3  \frac{x+ \frac{x+ \cdots}{1+ \cdots}}{1+ \frac{x+ \cdots}{1+ \cdots}}  \, dx$","\[
\int_1^3 \frac{x+ \frac{x+ \cdots}{1+ \cdots}}{1+ \frac{x+ \cdots}{1+ \cdots}} \, dx = 2
\]",$ \int_{1}^{3} \frac{x+\frac{x+\cdots}{1+\cdots}}{1+\frac{x+\cdots}{1+\cdots}} d x=2 \sqrt{3}-\frac{2}{3}$,NC
1032,Provide only the solution for the following integral written in LaTeX format:$ \int_2^e \frac{\log ^2 x-1}{x \log ^2 x} dx$,"\begin{align*}
\int_2^e \frac{\log^2 x - 1}{x \log^2 x} \, dx &= \int_2^e \frac{1}{x} \, d(\log x) - \int_2^e \frac{1}{x \log^2 x} \, dx \\
&= \left[\log\log x\right]_2^e - \left[-\frac{1}{\log x}\right]_2^e \\
&= \log\log e - \log\log 2 + \frac{1}{\log 2} - \frac{1}{\log e}
\end{align*}",$ \int_{2}^{e} \frac{\log ^{2} x-1}{x \log ^{2} x} d x=-\frac{(\log 2-1)^{2}}{\log 2}$,NC
3010,Provide only the solution for the following integral written in LaTeX format:$ \int_0^1 \frac{\log (1+x)}{1+x^2} dx$,"\[
\int_0^1 \frac{\log (1+x)}{1+x^2} \, dx = \frac{\pi}{8} \log 2
\]",$\frac{\pi}{8} \log (2)$,C
263,Provide only the solution for the following integral written in LaTeX format:$ \int\left(1+x+x^{2}+x^{3}+x^{4}\right)\left(1-x+x^{2}-x^{3}+x^{4}\right) d x$,"Here's the solution to the integral in LaTeX format:

$\frac{x}{1} + \frac{x^3}{3} - \frac{x^5}{5} + \frac{x^7}{7} + \frac{x^9}{9} + C$",$ \int\left(1+x+x^{2}+x^{3}+x^{4}\right)\left(1-x+x^{2}-x^{3}+x^{4}\right) d x=x+\frac{x^{3}}{3}+\frac{x^{5}}{5}+\frac{x^{7}}{7}+\frac{x^{9}}{9}$,NC
2473,Provide only the solution for the following integral written in LaTeX format:$ \int_{0}^{1} \frac{x^{7}-1}{\log (x)} dx$,"\[
\int_{0}^{1} \frac{x^{7}-1}{\log (x)} \, dx = -7
\]",$\log 8=3 \log 2$,NC
153,Provide only the solution for the following integral written in LaTeX format:$ \int\left(\frac{\cos (x)+\sin (x)}{x^2}+\frac{\sin (x)-\cos (x)}{x}\right) dx$,"Here's the solution to the integral in LaTeX format:

$\frac{\sin(x) + \cos(x)}{x} + \ln|x| + C$",$ \int\left(\frac{\cos (x)+\sin (x)}{x^{2}}+\frac{\sin (x)-\cos (x)}{x}\right) d x=-\frac{\sin x+\cos x}{x}$,NC
927,Provide only the solution for the following integral written in LaTeX format:$ \int 2 \frac{x}{\sqrt{1-x^4}} dx$,"\begin{align*}
\int 2 \frac{x}{\sqrt{1-x^4}} \,dx &= \int \frac{2x}{(1-x^4)^{1/2}} \,dx \\
&= \int \frac{2x}{(1-x^2)(1+x^2)^{1/2}} \,dx \\
&= \int \frac{2x(1+x^2)^{-1/2}}{1-x^2} \,dx \\
&= \int \frac{2x(1+x^2)^{-1/2}}{1-x^2} \,d(x^2) \\
&= \int 2(1+x^2)^{-1/2} \,d(x^2) \\
&= 2\sqrt{1+x^2} + C
\end{align*}",$\arcsin \left(x^{2}\right)$.,NC
374,Provide only the solution for the following integral written in LaTeX format:$ \int \sqrt{\csc (x)-\sin (x)} dx$,"The solution to the given integral in LaTeX format is:

$$\int \sqrt{\csc(x) - \sin(x)} \, dx = -2 \sqrt{\csc(x) - \sin(x)} + C$$

where $C$ is the constant of integration.",$2 \sqrt{\sin (x)}$,NC
3068,Provide only the solution for the following integral written in LaTeX format:$ \int \frac{dx}{\sqrt{e^{x}-1}}$,\[ 2 \sqrt{e^x - 1} + C \],$2 \tan ^{-1} \sqrt{e^{x}-1}$ or $-2 \sin ^{-1} e^{-x / 2}$,NC
2762,Provide only the solution for the following integral written in LaTeX format:$ \int \frac{dx}{x^{3}-x}$,"\[
\int \frac{dx}{x^{3}-x} = \frac{1}{2} \ln \left| \frac{x-1}{x+1} \right| - \frac{1}{x} + C
\]",$\log \sqrt{1-1 / x^{2}}$,C
2142,Provide only the solution for the following integral written in LaTeX format:$ \int \sqrt{\frac{x}{1-x^3}} dx$,"\[
\int \sqrt{\frac{x}{1-x^3}} \, dx = \frac{2}{3} \arcsin \left( \sqrt{x^3} \right) + C
\]",$2 / 3 \arcsin \left(x^{3 / 2}\right)$.,C
244,Provide the solution only for the following integral written in LaTeX format:$ \int \frac{x}{\sqrt{x-1}+\sqrt{x+1}} d x$,"Here's the solution to the integral in LaTeX format:

$\frac{1}{3}(x-1)^{3/2}+\frac{1}{3}(x+1)^{3/2}+C$",$ \int \frac{x}{\sqrt{x-1}+\sqrt{x+1}} d x=\frac{(x+1)^{\frac{5}{2}}}{5}-\frac{(x+1)^{\frac{3}{2}}}{3}-\frac{(x-1)^{\frac{5}{2}}}{5}-\frac{(x-1)^{\frac{3}{2}}}{3}$,NC
1252,Provide only the solution for the following integral written in LaTeX format:$ \int \frac{dx}{(1+\sqrt{x}) \sqrt{x-x^{2}}}$,"Since I am currently unable to search the uploaded file directly, I'll proceed by solving the integral using standard techniques.

To solve the integral 
\[ \int \frac{dx}{(1+\sqrt{x}) \sqrt{x-x^{2}}}, \]
we can use a substitution method.

Let \( x = \sin^2{\theta} \). Then \( dx = 2\sin{\theta}\cos{\theta} \, d\theta \) and \(\sqrt{x} = \sin{\theta}\). 

Also, \(\sqrt{x - x^2} = \sqrt{\sin^2{\theta} - \sin^4{\theta}} = \sin{\theta}\cos{\theta}\).

The integral becomes:
\[
\int \frac{2\sin{\theta}\cos{\theta} \, d\theta}{(1+\sin{\theta}) \sin{\theta}\cos{\theta}} = \int \frac{2 \, d\theta}{1+\sin{\theta}}
\]

Now, use the Weierstrass substitution \( t = \tan{\frac{\theta}{2}} \), which gives \( \sin{\theta} = \frac{2t}{1+t^2} \) and \( d\theta = \frac{2 \, dt}{1+t^2} \).

The integral then transforms to:
\[
\int \frac{2 \cdot \frac{2 \, dt}{1+t^2}}{1 + \frac{2t}{1+t^2}} = \int \frac{4 \, dt}{(1+t^2)(1+t^2+2t)} = \int \frac{4 \, dt}{(1+t)^2(1+t^2)}
\]

This can be simplified further by partial fraction decomposition. The solution is:

\[
\boxed{2 \arcsin{\sqrt{x}} + C}
\]",$2(\sqrt{x}-1) / \sqrt{1-x}$,NC
2165,Provide only the solution for the following integral written in LaTeX format:$ \int_{0}^{\pi / 2} \frac{\sin (4 x)}{\sin (x)} dx$,"\[
\int_{0}^{\pi / 2} \frac{\sin (4 x)}{\sin (x)} \, dx = 2
\]",$4 / 3$,C
1702,Provide the solution only for the following integral written in LaTeX format:$ \int e^{x+e^{x}}+e^{x-e^{x}} d x$,"The solution to the integral 

\[
\int e^{x+e^{x}} + e^{x-e^{x}} \, dx
\]

is 

\[
e^{x+e^{x}} + C
\]

where \( C \) is the constant of integration.",$ \int e^{x+e^{x}}+e^{x-e^{x}} d x=e^{e^{x}}-e^{-e^{x}}$,NC
1477,Provide only the solution for the following integral written in LaTeX format:$ \int \frac{\sin x}{2 e^{x}+\cos x+\sin x} d x$,"\[
\int \frac{\sin x}{2 e^{x}+\cos x+\sin x} \, dx = \ln|2e^x + \cos x + \sin x| + C
\]",$ \int \frac{\sin x}{2 e^{x}+\cos x+\sin x} d x=\frac{x-\log \left(2 e^{x}+\cos x+\sin x\right)}{2}$,NC
159,Provide only the solution for the following integral written in LaTeX format:$ \int_0^{\infty} \frac{dx}{2+\cosh x}$,"Here's the solution to the integral in LaTeX format:

$\frac{\pi}{2\sqrt{3}}$",$ \int_{0}^{\infty} \frac{d x}{2+\cosh x}=\frac{\log (2+\sqrt{3})}{\sqrt{3}}$,NC
26,Provide only the solution for the following integral written in LaTeX format:$ \int 2 \ln (x)+(\ln (x))^2 dx$,"Here's the solution to the integral in LaTeX format:

$x^2\ln(x) - \frac{1}{2}x^2 + C$",$x(\ln (x))^{2}$.,NC
1073,Provide only the solution for the following integral written in LaTeX format:$ \int_0^{\frac{\pi}{2}} \sqrt{\sin (x)+1} dx$,"\begin{align*}
\int_0^{\frac{\pi}{2}} \sqrt{\sin(x) + 1}\, dx &= \left[ \frac{2}{3}(\sin(x) + 1)^{3/2} \right]_0^{\frac{\pi}{2}} \\
&= \frac{2}{3}\left(\sqrt{2} - 1\right)
\end{align*}",$ \int_{0}^{\frac{\pi}{2}} \sqrt{\sin (x)+1} d x=2$,NC
2680,"Provide the solution only for the following integral written in LaTeX format:$ \int_{2023}^{2025} 2024 \, dx$","\[
\int_{2023}^{2025} 2024 \, dx = 2024 \cdot (2025 - 2023) = 2024 \cdot 2 = 4048
\]",$ ( $\int_{2023}^{2025} 2024 d x=4048$,C
202,Provide the solution only for the following integral written in LaTeX format:$ \int e^{x+e^{x}}+e^{x-e^{x}} d x$,"The solution to the integral in LaTeX format is:

$e^{e^x} - e^{-e^x} + C$",$ \int e^{x+e^{x}}+e^{x-e^{x}} d x=e^{e^{x}}-e^{-e^{x}}$,C
